model,file,total,personnes,organisations,lieux,evenements,misc,unique_total,unique_personnes,unique_organisations,unique_lieux,unique_evenements,unique_misc,elapsed_seconds,text_length
camembert,transcription1.json,625,167,77,250,0,131,424,129,53,147,0,109,0.4567289990009158,
camembert,transcription10.json,705,211,134,246,0,114,484,173,83,139,0,98,0.4235191389998363,
camembert,transcription11.json,626,255,53,117,0,201,468,202,40,78,0,167,0.31670805999965523,
camembert,transcription12.json,595,422,26,103,0,44,311,189,16,78,0,36,0.24069499600045674,
camembert,transcription13.json,651,215,90,188,0,158,464,174,65,116,0,126,0.3659663550006371,
camembert,transcription14.json,779,245,101,296,0,137,556,208,62,180,0,120,0.47244939600022917,
camembert,transcription15.json,905,308,124,299,0,174,572,218,73,145,0,149,0.558807766999962,
camembert,transcription16.json,541,176,77,198,0,90,403,147,56,127,0,80,0.3339131980010279,
camembert,transcription17.json,553,127,100,214,0,112,390,112,65,122,0,97,0.3049713630007318,
camembert,transcription18.json,555,154,111,220,0,70,361,117,65,129,0,60,0.30316654200032644,
camembert,transcription19.json,845,209,214,332,0,90,543,175,128,180,0,79,0.4220865679999406,
camembert,transcription2.json,518,142,95,188,0,93,365,113,69,121,0,69,0.32994685499943444,
camembert,transcription20.json,1244,540,168,396,0,140,652,249,110,223,0,102,0.5240289159992244,
camembert,transcription21.json,673,218,102,226,0,127,443,149,71,155,0,92,0.37983598500068183,
camembert,transcription22.json,740,250,137,257,0,96,504,194,86,157,0,81,0.35147930499988433,
camembert,transcription23.json,979,513,97,206,0,163,664,326,65,154,0,138,0.4253714009992109,
camembert,transcription24.json,447,151,87,134,0,75,340,123,65,90,0,67,0.2600161449990992,
camembert,transcription25.json,589,200,111,198,0,80,421,155,82,124,0,67,0.32508267400044133,
camembert,transcription26.json,539,236,72,129,0,102,359,165,50,70,0,86,0.33529795199865475,
camembert,transcription27.json,942,287,219,340,0,96,563,191,140,176,0,76,0.5909653910002817,
camembert,transcription28.json,228,62,52,74,0,40,148,41,31,56,0,26,0.18761648500003503,
camembert,transcription29.json,628,121,179,153,0,175,372,86,84,90,0,126,0.26303541000015684,
camembert,transcription3.json,995,316,156,333,0,190,616,223,91,164,0,145,0.5809348189995944,
camembert,transcription30.json,1009,460,144,285,0,120,593,257,82,184,0,96,0.5208291149992874,
camembert,transcription4.json,719,197,148,291,0,83,462,156,90,152,0,74,0.44109320400093566,
camembert,transcription5.json,832,274,140,237,0,181,589,199,94,162,0,146,0.5400216929992894,
camembert,transcription6.json,1090,255,208,475,0,152,651,186,127,244,0,108,0.6597150150009838,
camembert,transcription7.json,1012,558,107,237,0,110,511,251,65,136,0,78,0.4175150269984442,
camembert,transcription8.json,706,192,137,298,0,79,454,150,83,166,0,67,0.5414133060003223,
camembert,transcription9.json,1420,831,134,300,0,155,710,407,75,149,0,106,0.5664301729993895,
moderncamembert,transcription1.json,954,153,34,440,0,327,598,105,24,227,0,262,1.2222085769990372,
moderncamembert,transcription10.json,960,178,47,429,0,306,648,149,28,247,0,252,1.0986911139989388,
moderncamembert,transcription11.json,902,79,7,159,0,657,679,58,5,115,0,524,0.8399781339994661,
moderncamembert,transcription12.json,948,291,13,359,0,285,447,148,4,191,0,186,0.6388768519991572,
moderncamembert,transcription13.json,783,77,33,327,0,346,553,72,24,187,0,296,0.9590581290012778,
moderncamembert,transcription14.json,1010,169,48,444,0,349,696,146,29,267,0,292,1.2734793150011683,
moderncamembert,transcription15.json,1350,216,65,531,0,538,848,172,39,254,0,445,1.4715242990005208,
moderncamembert,transcription16.json,843,154,27,356,0,306,602,128,25,201,0,268,0.8540825870004483,
moderncamembert,transcription17.json,776,118,33,376,0,249,503,109,21,199,0,199,0.8072719230003713,
moderncamembert,transcription18.json,817,146,54,378,0,239,524,114,39,196,0,198,0.7843033949993696,
moderncamembert,transcription19.json,1181,223,69,519,0,370,725,178,42,236,0,299,1.0649955790013337,
moderncamembert,transcription2.json,698,130,33,336,0,199,449,104,22,183,0,163,0.8600923069989221,
moderncamembert,transcription20.json,1642,345,50,680,0,567,862,207,21,371,0,358,1.3935866330011777,
moderncamembert,transcription21.json,1037,178,31,553,0,275,571,117,19,280,0,201,0.9889185929987434,
moderncamembert,transcription22.json,1117,231,48,444,0,394,714,178,28,243,0,312,0.9442258789986226,
moderncamembert,transcription23.json,1530,402,24,569,0,535,888,230,12,369,0,370,1.153297910999754,
moderncamembert,transcription24.json,730,159,15,252,0,304,522,126,12,170,0,240,0.6726095109988819,
moderncamembert,transcription25.json,830,181,57,307,0,285,553,146,32,182,0,226,0.8336835810005141,
moderncamembert,transcription26.json,775,163,16,214,0,382,481,105,10,110,0,292,0.8806998070012924,
moderncamembert,transcription27.json,1271,214,105,572,0,380,711,150,47,275,0,296,1.5644381609999982,
moderncamembert,transcription28.json,334,46,12,181,0,95,232,33,10,121,0,73,0.4959670170010213,
moderncamembert,transcription29.json,665,69,55,193,0,348,394,46,18,110,0,241,0.7077953320003871,
moderncamembert,transcription3.json,1502,274,73,592,0,563,874,190,37,276,0,425,1.5353216389994486,
moderncamembert,transcription30.json,1429,241,56,682,0,450,781,162,25,376,0,329,1.4801733510012127,
moderncamembert,transcription4.json,1018,170,58,438,0,352,655,145,38,203,0,295,1.1457859259990073,
moderncamembert,transcription5.json,1042,211,58,332,0,441,720,171,29,197,0,359,1.442948598998555,
moderncamembert,transcription6.json,1456,218,112,689,0,437,847,151,53,351,0,340,1.7635891850004555,
moderncamembert,transcription7.json,1641,437,45,736,0,423,766,224,20,337,0,288,1.1219456669987267,
moderncamembert,transcription8.json,1120,157,45,553,0,365,662,128,25,279,0,276,1.4000376310013962,
moderncamembert,transcription9.json,2191,614,49,1016,0,512,1034,365,22,421,0,352,1.5183386129992869,
gliner,transcription1.json,1084,434,219,330,101,0,569,251,118,161,52,0,2.2832473890011897,
gliner,transcription10.json,1356,492,333,435,96,0,748,299,187,216,54,0,2.3824832149985014,
gliner,transcription11.json,1182,817,140,187,38,0,727,486,106,122,23,0,1.8300420960003976,
gliner,transcription12.json,1201,882,143,154,22,0,441,303,76,78,10,0,1.3502099519992043,
gliner,transcription13.json,1156,481,221,374,80,0,675,312,129,191,51,0,2.03776102700067,
gliner,transcription14.json,1439,509,352,493,85,0,823,340,189,256,43,0,2.6330604780014255,
gliner,transcription15.json,1625,669,332,496,128,0,846,412,168,213,67,0,3.1938773399997444,
gliner,transcription16.json,930,381,179,311,59,0,571,256,121,163,38,0,1.8746404370012897,
gliner,transcription17.json,942,328,207,321,86,0,563,229,102,182,54,0,1.7423467000007804,
gliner,transcription18.json,953,314,261,331,47,0,539,209,145,155,33,0,1.7042551689992251,
gliner,transcription19.json,1532,464,450,521,97,0,772,306,207,229,47,0,2.413642424999125,
gliner,transcription2.json,990,352,226,363,49,0,549,236,121,168,28,0,1.8642660979985521,
gliner,transcription20.json,2207,1188,380,479,160,0,923,451,192,253,55,0,2.921422657000221,
gliner,transcription21.json,1273,506,286,357,124,0,559,217,149,157,56,0,2.150104708998697,
gliner,transcription22.json,1283,491,333,391,68,0,745,346,174,194,41,0,1.9341486809989874,
gliner,transcription23.json,1798,1048,350,320,80,0,893,498,194,182,50,0,2.3463928410001245,
gliner,transcription24.json,860,351,218,229,62,0,524,239,117,131,45,0,1.4342859930002305,
gliner,transcription25.json,1023,413,271,274,65,0,626,288,165,139,43,0,1.8281556630008708,
gliner,transcription26.json,1066,559,196,242,69,0,537,316,93,102,34,0,1.8985749750008836,
gliner,transcription27.json,1739,608,490,505,136,0,827,322,225,221,76,0,3.2865572160008014,
gliner,transcription28.json,463,146,145,142,30,0,241,76,85,69,18,0,1.0518365529987932,
gliner,transcription29.json,863,303,277,222,61,0,415,165,116,100,40,0,1.4892359820005368,
gliner,transcription3.json,1865,755,453,553,104,0,910,417,203,242,55,0,3.2724991449995287,
gliner,transcription30.json,1928,1070,396,405,57,0,902,502,205,175,37,0,2.896258001001115,
gliner,transcription4.json,1364,487,366,459,52,0,735,305,206,193,39,0,2.471989719000703,
gliner,transcription5.json,1439,641,337,371,90,0,790,390,163,194,54,0,3.121901287999208,
gliner,transcription6.json,1951,634,526,651,140,0,1003,383,270,299,65,0,3.7053074480008945,
gliner,transcription7.json,2039,1270,385,322,62,0,764,420,180,167,38,0,2.3300303630003327,
gliner,transcription8.json,1528,433,405,569,121,0,737,264,182,245,58,0,3.0796291419992485,
gliner,transcription9.json,2716,1699,447,464,106,0,930,550,170,204,45,0,3.0511430380011006,
gliner_large_v25,transcription1.json,958,373,178,280,127,0,508,233,94,132,60,0,3.61268203399959,
gliner_large_v25,transcription10.json,1204,406,299,371,128,0,720,278,174,182,91,0,4.421993656998893,
gliner_large_v25,transcription11.json,992,743,74,129,46,0,626,451,57,88,38,0,3.3175810240009014,
gliner_large_v25,transcription12.json,1105,810,76,185,34,0,403,274,45,83,26,0,2.477434043001267,
gliner_large_v25,transcription13.json,955,409,161,288,97,0,603,281,97,156,71,0,3.8198521040012565,
gliner_large_v25,transcription14.json,1208,448,298,359,103,0,764,317,179,195,80,0,4.939635570999599,
gliner_large_v25,transcription15.json,1326,588,263,336,139,0,741,365,142,155,89,0,5.945285394000166,
gliner_large_v25,transcription16.json,781,347,143,218,73,0,531,248,108,124,55,0,3.502179860999604,
gliner_large_v25,transcription17.json,885,285,197,280,123,0,581,215,111,159,100,0,3.2445333729992853,
gliner_large_v25,transcription18.json,844,289,215,262,78,0,505,194,127,127,58,0,3.1873571920004906,
gliner_large_v25,transcription19.json,1480,438,412,475,155,0,796,299,207,213,89,0,4.386234888999752,
gliner_large_v25,transcription2.json,793,320,159,255,59,0,483,219,97,127,41,0,3.5070631180005876,
gliner_large_v25,transcription20.json,2125,1146,311,483,185,0,962,435,185,264,95,0,5.536593210999854,
gliner_large_v25,transcription21.json,1232,467,280,349,136,0,552,202,137,148,77,0,4.038138152000101,
gliner_large_v25,transcription22.json,1195,493,254,323,125,0,746,349,151,156,96,0,3.6581520729996555,
gliner_large_v25,transcription23.json,1597,976,197,313,111,0,827,478,116,174,80,0,4.44195813999977,
gliner_large_v25,transcription24.json,709,295,148,184,82,0,487,217,95,120,59,0,2.7357907069999783,
gliner_large_v25,transcription25.json,908,344,245,229,90,0,592,255,147,130,66,0,3.438551209999787,
gliner_large_v25,transcription26.json,943,488,177,180,98,0,506,279,85,93,56,0,3.5304610450002656,
gliner_large_v25,transcription27.json,1637,563,472,434,168,0,804,309,223,178,108,0,6.228446187998998,
gliner_large_v25,transcription28.json,464,144,106,159,55,0,254,72,58,99,29,0,1.984313403001579,
gliner_large_v25,transcription29.json,707,253,184,174,96,0,409,158,103,85,67,0,2.7859532029997354,
gliner_large_v25,transcription3.json,1674,693,365,465,151,0,871,396,185,203,99,0,6.180093273000239,
gliner_large_v25,transcription30.json,1747,990,297,361,99,0,851,465,157,166,82,0,5.485795092999979,
gliner_large_v25,transcription4.json,1189,416,325,336,112,0,718,286,185,164,84,0,4.660465840001052,
gliner_large_v25,transcription5.json,1269,594,253,299,123,0,755,374,140,162,88,0,5.8137143359999754,
gliner_large_v25,transcription6.json,1713,540,449,546,178,0,957,354,257,254,109,0,6.990640367001106,
gliner_large_v25,transcription7.json,1872,1214,227,334,97,0,726,416,111,166,60,0,4.398378985999443,
gliner_large_v25,transcription8.json,1285,375,362,394,154,0,683,246,171,173,100,0,5.771416820000013,
gliner_large_v25,transcription9.json,2532,1603,296,489,144,0,885,522,125,196,73,0,5.778416904000551,
sauerkraut_gliner,transcription1.json,1296,432,250,384,230,0,709,266,141,183,148,0,1.9917867819985986,
sauerkraut_gliner,transcription10.json,1586,499,385,478,224,0,912,323,221,234,155,0,2.1929475249999086,
sauerkraut_gliner,transcription11.json,1386,825,175,240,146,0,852,477,127,155,110,0,1.6657598479996523,
sauerkraut_gliner,transcription12.json,1491,953,199,219,120,0,574,331,113,112,73,0,1.277400717999626,
sauerkraut_gliner,transcription13.json,1448,505,293,443,207,0,875,332,176,234,152,0,1.9199884320005367,
sauerkraut_gliner,transcription14.json,1757,531,460,556,210,0,1051,353,267,306,150,0,2.449672909999208,
sauerkraut_gliner,transcription15.json,2038,701,420,618,299,0,1105,442,226,263,209,0,2.9618607520005753,
sauerkraut_gliner,transcription16.json,1229,400,227,389,213,0,777,283,162,207,152,0,1.7387812079996365,
sauerkraut_gliner,transcription17.json,1222,319,274,428,201,0,742,246,151,228,135,0,1.6146373219999077,
sauerkraut_gliner,transcription18.json,1193,317,324,401,151,0,696,212,201,180,112,0,1.6324709279997478,
sauerkraut_gliner,transcription19.json,1875,512,516,606,241,0,974,341,249,265,147,0,2.141860772000655,
sauerkraut_gliner,transcription2.json,1211,350,269,402,190,0,712,240,149,192,142,0,1.7227171300000919,
sauerkraut_gliner,transcription20.json,2672,1273,525,579,295,0,1192,488,301,309,158,0,2.747502736001479,
sauerkraut_gliner,transcription21.json,1501,506,366,407,222,0,666,215,176,191,115,0,1.9886873079994984,
sauerkraut_gliner,transcription22.json,1555,523,364,454,214,0,907,360,201,214,154,0,1.8144301849988551,
sauerkraut_gliner,transcription23.json,2166,1133,345,410,278,0,1124,556,199,238,188,0,2.2000997890008875,
sauerkraut_gliner,transcription24.json,1033,329,278,245,181,0,666,235,158,156,132,0,1.354648200000156,
sauerkraut_gliner,transcription25.json,1237,408,322,342,165,0,790,302,205,187,120,0,1.6912781329992868,
sauerkraut_gliner,transcription26.json,1333,601,221,310,201,0,692,331,120,144,121,0,1.7391513570000825,
sauerkraut_gliner,transcription27.json,2196,649,623,619,305,0,1087,354,295,261,204,0,3.0834918140008085,
sauerkraut_gliner,transcription28.json,636,172,168,180,116,0,320,103,93,87,56,0,0.9650804739994783,
sauerkraut_gliner,transcription29.json,1127,341,366,250,170,0,571,191,157,128,119,0,1.3828584719994979,
sauerkraut_gliner,transcription3.json,2246,776,536,624,310,0,1156,441,263,274,208,0,3.056834630000594,
sauerkraut_gliner,transcription30.json,2362,1112,497,495,258,0,1207,543,281,250,194,0,2.69846762799898,
sauerkraut_gliner,transcription4.json,1687,495,430,551,211,0,959,338,260,229,159,0,2.2898839469999075,
sauerkraut_gliner,transcription5.json,1859,685,412,466,296,0,1077,431,228,259,195,0,2.922764115000973,
sauerkraut_gliner,transcription6.json,2498,655,686,813,344,0,1313,394,361,375,224,0,3.4808804000003875,
sauerkraut_gliner,transcription7.json,2310,1352,385,356,217,0,902,458,191,192,117,0,2.2054876389993296,
sauerkraut_gliner,transcription8.json,1956,473,534,611,338,0,1036,305,243,304,215,0,2.8199608359991544,
sauerkraut_gliner,transcription9.json,3128,1842,487,497,302,0,1141,594,232,219,175,0,2.9073285960002977,
